{"IasKjLYhVSUYHe2Wv58dfQ==":"2016-06-27-02-08-03-5050-north-broadway-1.jpg","1t7Tmeuctc8sd9FOte/eRQ==":"white_2ad13819-6474--696x696.png","6Ut9LsgmgnsUNA2lP449LQ==":"kisspng-laptop-graph-696x696.png","is+ZQeuqZeTiILYx9gtd+g==":"overall-bezelless-tv-black-696x447.png","VNfyksXTbXYwC6ao7FWhFg==":"purepng.com-ironironhard-magneticcloth-ironsilvery-gray-metalchemical-element-1701528352889unxo3-320x196.png","irNix2qsiYIcGkfccA6kUA==":"9cea91bded98b38635d9d75481964a0c-320x229.jpg","3B9WokpnfKsej2F7zhOVaA==":"overall-bezelless-tv-black-320x205.png","CzBXOwtU+CIofzwpD7PiBw==":"kisspng-laptop-graph-320x320.png","AEoK/BLj5rgpnBBQ3wzyiQ==":"lm9kz6e9rhmiau0ohv4j6a-320x189.png","UfaPR98gKevJFW23uu1LQQ==":"fractal-design-s-xmg-modifikation-320x320.jpg","ODi3111QvxAdYh3k5qz0WQ==":"700-nw-320x320.jpg","/k6VE+eiLhnldV0TP6NF0A==":"white_2ad13819-6474--320x320.png","rFX9ONvEctbUj9DenODUyw==":"cab1ed89be567118a019bdef198ef818e21b8c583b3a55ee7584337c1ae80e65.jpg.webp","a1qZyJzKprkccTzzYT/NDQ==":"dacdffec5d3c9f9dc06e2497316864bdb913cd45f9e071b15e6d3f80b82a5756.jpg.webp","Bds3jkPqta8ozdFFrKy0HQ==":"dacdffec5d3c9f9dc06e2497316864bdb913cd45f9e071b15e6d3f80b82a5756.jpg-1.webp","DC5LRVDnVa4+elVg+2h5Rw==":"c50e604be4ba0360a7ee287523e9e88ad3e385dcef5d5b23c8da76499690026c.jpg.webp","hznGoS06xgvvEwG8u9k9MA==":"3012baa9bc23995289e498d33793b6007a246987cd6e5bd96dbd15aa6cd93c2c.jpg.webp","WPZGITTfjzkFrPPIkPUZfA==":"g-okqlxaeh0-720x1080.jpg","N4J65P6GGAhcMZDCU/Sksw==":"g-okqlxaeh0-720x1080.jpeg","D16AmdSHPm1Ou5j4kVX3Hw==":"g-okqlxaeh0-1-720x1080.jpeg","VHwWH1efa9jGYtkcr0lGjw==":"1618825251_2-funart_pro-p-zdanie-kompanii-krasivie-mesta-foto-2-122x92.jpg","hJP1P9EV+frpDXE84Hs53Q==":"3012baa9bc23995289e498d33793b6007a246987cd6e5bd96dbd15aa6cd93c2c.jpg-1.webp","7O15tMTL4cued/EyZZlrUA==":"3012baa9bc23995289e498d33793b6007a246987cd6e5bd96dbd15aa6cd93c2c.jpg-2.webp","iZW9zUJtM9LQnJJQRBuolQ==":"overall-bezelless-tv-black-1-696x447.png","tMxw25v0eGXs3lWsnsQt0g==":"kisspng-laptop-graph-1-696x696.png","pTjWCoP/UkO/R5lbdZAz+Q==":"overall-bezelless-tv-black-2-696x447.png","FJmmgz5hq63wI/so+JWerg==":"overall-bezelless-tv-black-3-696x447.png","tUNCHiYezwPViwUbdgahRg==":"overall-bezelless-tv-black-4-696x447.png","bkMu21F/43cByRAQ3RxICg==":"overall-bezelless-tv-black-5-696x447.png","LlRQ2bYA9RdvV9nirJ4E+Q==":"overall-bezelless-tv-black-6-696x447.png","HmPpKQ82/2SEG93jszZZ/Q==":"d14185191abec0ce4e8b0dd219da1054331d968da92f126163858c4a380136f1.jpg.webp","6eyPDzrikeWlsuvU/EW0/Q==":"overall-bezelless-tv-black-7-696x447.png","+5t5Zl1BB/zPvcPrHCTlmg==":"overall-bezelless-tv-black-8-696x447.png","E+tDV2JvQnuJba03pDsR0w==":"overall-bezelless-tv-black-9-696x447.png","duzgwCdbF8aElueDIjG7Hw==":"3cor2-ytwmw-721x1080.jpg"}